tree,coral,origin,culture,treatment,day,brightness
13,1,sub,sub,subsub,1,53.56
13,1,sub,sub,subsub,2,48.24112184
13,1,sub,sub,subsub,3,60.21845094
13,1,sub,sub,subsub,4,61.6759381
13,1,sub,sub,subsub,5,90.31182064
13,2,sub,sub,subsub,1,69.45596523
13,2,sub,sub,subsub,2,64.92394213
13,2,sub,sub,subsub,3,111.6923012
13,2,sub,sub,subsub,4,75.92146777
13,2,sub,sub,subsub,5,80.24160491
13,3,sub,sub,subsub,1,64.5077731
13,3,sub,sub,subsub,2,57.15587506
13,3,sub,sub,subsub,3,88.80836463
13,3,sub,sub,subsub,4,76.16144532
13,3,sub,sub,subsub,5,88.62612321
13,4,sub,sub,subsub,1,48.06689879
13,4,sub,sub,subsub,2,58.7216272
13,4,sub,sub,subsub,3,65.74734668
13,4,sub,sub,subsub,4,59.95528526
13,4,sub,sub,subsub,5,88.07657388
13,5,sub,sub,subsub,1,39.53080584
13,5,sub,sub,subsub,2,46.23056355
13,5,sub,sub,subsub,3,65.86044998
13,5,sub,sub,subsub,4,57.32804325
13,5,sub,sub,subsub,5,83.57579562
13,6,sub,sub,subsub,1,45.27872459
13,6,sub,sub,subsub,2,52.18298689
13,6,sub,sub,subsub,3,59.24450679
13,6,sub,sub,subsub,4,55.80828612
13,6,sub,sub,subsub,5,55.40723342
13,7,sub,sub,subsub,1,88.474139
13,7,sub,sub,subsub,2,106.2406078
13,7,sub,sub,subsub,3,103.5126844
13,7,sub,sub,subsub,4,100.5124279
13,7,sub,sub,subsub,5,87.73621489
13,8,sub,sub,subsub,1,68.55489768
13,8,sub,sub,subsub,2,61.50952012
13,8,sub,sub,subsub,3,77.12328458
13,8,sub,sub,subsub,4,89.75035234
13,8,sub,sub,subsub,5,76.39500205
14,1,int,sub,intsub,1,134.1217682
14,1,int,sub,intsub,2,125.5757691
14,1,int,sub,intsub,3,135.2611025
14,1,int,sub,intsub,4,119.818064
14,1,int,sub,intsub,5,125.6072602
14,2,int,sub,intsub,1,117.1465203
14,2,int,sub,intsub,2,158.9956339
14,2,int,sub,intsub,3,197.7081416
14,2,int,sub,intsub,4,122.7592486
14,2,int,sub,intsub,5,230.468026
14,3,int,sub,intsub,1,90.49322582
14,3,int,sub,intsub,2,122.5198804
14,3,int,sub,intsub,3,101.9575028
14,3,int,sub,intsub,4,136.01047
14,3,int,sub,intsub,5,124.7683314
14,4,int,sub,intsub,1,105.0859734
14,4,int,sub,intsub,2,96.96624628
14,4,int,sub,intsub,3,94.79393558
14,4,int,sub,intsub,4,121.194931
14,4,int,sub,intsub,5,135.5633457
14,5,int,sub,intsub,1,114.2883208
14,5,int,sub,intsub,2,106.6249965
14,5,int,sub,intsub,3,99.56076606
14,5,int,sub,intsub,4,100.8032098
14,5,int,sub,intsub,5,113.3106669
14,6,int,sub,intsub,1,140.4023057
14,6,int,sub,intsub,2,145.1552239
14,6,int,sub,intsub,3,139.917335
14,6,int,sub,intsub,4,120.6695101
14,6,int,sub,intsub,5,175.5186757
14,7,int,sub,intsub,1,87.63560137
14,7,int,sub,intsub,2,82.83395467
14,7,int,sub,intsub,3,91.0802056
14,7,int,sub,intsub,4,159.3833943
14,7,int,sub,intsub,5,115.7705748
14,8,int,sub,intsub,1,87.9720398
14,8,int,sub,intsub,2,87.789281
14,8,int,sub,intsub,3,92.84568605
14,8,int,sub,intsub,4,109.1636539
14,8,int,sub,intsub,5,118.0147743
15,1,sub,sub,subsub,1,39.50462555
15,1,sub,sub,subsub,2,59.04480434
15,1,sub,sub,subsub,3,60.12594827
15,1,sub,sub,subsub,4,61.34278823
15,1,sub,sub,subsub,5,75.7355086
15,2,sub,sub,subsub,1,30.47131174
15,2,sub,sub,subsub,2,88.99009379
15,2,sub,sub,subsub,3,75.87702299
15,2,sub,sub,subsub,4,61.81138615
15,2,sub,sub,subsub,5,71.09602061
15,3,sub,sub,subsub,1,52.23136436
15,3,sub,sub,subsub,2,51.21213772
15,3,sub,sub,subsub,3,50.13457395
15,3,sub,sub,subsub,4,48.61265716
15,3,sub,sub,subsub,5,61.35700856
15,4,sub,sub,subsub,1,58.13245348
15,4,sub,sub,subsub,2,59.26590571
15,4,sub,sub,subsub,3,51.92008521
15,4,sub,sub,subsub,4,49.21084733
15,4,sub,sub,subsub,5,63.9757446
15,5,sub,sub,subsub,1,50.80729632
15,5,sub,sub,subsub,2,43.12651221
15,5,sub,sub,subsub,3,56.85949385
15,5,sub,sub,subsub,4,47.75582348
15,5,sub,sub,subsub,5,47.73225764
15,6,sub,sub,subsub,1,86.3119978
15,6,sub,sub,subsub,2,47.35146354
15,6,sub,sub,subsub,3,57.47334818
15,6,sub,sub,subsub,4,58.48484186
15,6,sub,sub,subsub,5,66.09896394
15,7,sub,sub,subsub,1,44.97373728
15,7,sub,sub,subsub,2,42.45631053
15,7,sub,sub,subsub,3,33.99925259
15,7,sub,sub,subsub,4,47.37531173
15,7,sub,sub,subsub,5,57.50395803
15,8,sub,sub,subsub,1,58.75179344
15,8,sub,sub,subsub,2,61.80052575
15,8,sub,sub,subsub,3,65.96512127
15,8,sub,sub,subsub,4,100.6049052
15,8,sub,sub,subsub,5,85.81140543
16,1,sub,sub,subsub,1,83.79365516
16,1,sub,sub,subsub,2,61.7386694
16,1,sub,sub,subsub,3,114.717147
16,1,sub,sub,subsub,4,88.05297283
16,1,sub,sub,subsub,5,96.51258415
16,2,sub,sub,subsub,1,102.0950649
16,2,sub,sub,subsub,2,85.07966753
16,2,sub,sub,subsub,3,236.640513
16,2,sub,sub,subsub,4,95.50655886
16,2,sub,sub,subsub,5,96.28099746
16,3,sub,sub,subsub,1,81.27055583
16,3,sub,sub,subsub,2,72.33799639
16,3,sub,sub,subsub,3,89.15529189
16,3,sub,sub,subsub,4,112.6319112
16,3,sub,sub,subsub,5,99.13847537
16,4,sub,sub,subsub,1,76.35957482
16,4,sub,sub,subsub,2,81.41446535
16,4,sub,sub,subsub,3,107.1791848
16,4,sub,sub,subsub,4,124.3489403
16,4,sub,sub,subsub,5,105.901312
16,5,sub,sub,subsub,1,NA
16,5,sub,sub,subsub,2,NA
16,5,sub,sub,subsub,3,NA
16,5,sub,sub,subsub,4,NA
16,5,sub,sub,subsub,5,NA
16,6,sub,sub,subsub,1,79.12606548
16,6,sub,sub,subsub,2,95.10458529
16,6,sub,sub,subsub,3,80.98743474
16,6,sub,sub,subsub,4,110.0886696
16,6,sub,sub,subsub,5,67.74627852
16,7,sub,sub,subsub,1,59.71321913
16,7,sub,sub,subsub,2,62.13631412
16,7,sub,sub,subsub,3,83.68797371
16,7,sub,sub,subsub,4,67.43588726
16,7,sub,sub,subsub,5,96.31482679
16,8,sub,sub,subsub,1,57.1490034
16,8,sub,sub,subsub,2,83.91434092
16,8,sub,sub,subsub,3,80.53561257
16,8,sub,sub,subsub,4,70.06756332
16,8,sub,sub,subsub,5,135.3890768
17,1,int,sub,intsub,1,75.95844861
17,1,int,sub,intsub,2,55.28751364
17,1,int,sub,intsub,3,84.30528484
17,1,int,sub,intsub,4,58.94139621
17,1,int,sub,intsub,5,87.64790597
17,2,int,sub,intsub,1,89.37473875
17,2,int,sub,intsub,2,59.33209089
17,2,int,sub,intsub,3,84.35202594
17,2,int,sub,intsub,4,59.22268702
17,2,int,sub,intsub,5,79.16886811
17,3,int,sub,intsub,1,60.96464369
17,3,int,sub,intsub,2,46.67880507
17,3,int,sub,intsub,3,61.25883307
17,3,int,sub,intsub,4,130.9314236
17,3,int,sub,intsub,5,73.00116184
17,4,int,sub,intsub,1,86.14926077
17,4,int,sub,intsub,2,60.74480982
17,4,int,sub,intsub,3,75.54602935
17,4,int,sub,intsub,4,76.43136198
17,4,int,sub,intsub,5,70.49098651
17,5,int,sub,intsub,1,66.51022798
17,5,int,sub,intsub,2,68.40134923
17,5,int,sub,intsub,3,72.0531982
17,5,int,sub,intsub,4,75.70972139
17,5,int,sub,intsub,5,78.35807162
17,6,int,sub,intsub,1,71.00592961
17,6,int,sub,intsub,2,57.66960715
17,6,int,sub,intsub,3,69.14002099
17,6,int,sub,intsub,4,76.2153273
17,6,int,sub,intsub,5,90.99519155
17,7,int,sub,intsub,1,71.75770731
17,7,int,sub,intsub,2,62.86771845
17,7,int,sub,intsub,3,67.13619539
17,7,int,sub,intsub,4,66.81316111
17,7,int,sub,intsub,5,82.90701203
17,8,int,sub,intsub,1,142.1666372
17,8,int,sub,intsub,2,71.93910289
17,8,int,sub,intsub,3,98.98144438
17,8,int,sub,intsub,4,104.1687112
17,8,int,sub,intsub,5,106.6754152
19,1,int,sub,intsub,1,115.6787348
19,1,int,sub,intsub,2,190.5221933
19,1,int,sub,intsub,3,167.4852531
19,1,int,sub,intsub,4,160.4576994
19,1,int,sub,intsub,5,268.5542975
19,2,int,sub,intsub,1,113.121716
19,2,int,sub,intsub,2,161.0199218
19,2,int,sub,intsub,3,130.0566363
19,2,int,sub,intsub,4,152.5213905
19,2,int,sub,intsub,5,210.4631365
19,3,int,sub,intsub,1,199.8094952
19,3,int,sub,intsub,2,201.067537
19,3,int,sub,intsub,3,163.8395402
19,3,int,sub,intsub,4,179.2460466
19,3,int,sub,intsub,5,217.9374058
19,4,int,sub,intsub,1,128.3968018
19,4,int,sub,intsub,2,206.607363
19,4,int,sub,intsub,3,184.4155526
19,4,int,sub,intsub,4,154.9171834
19,4,int,sub,intsub,5,130.4605027
19,5,int,sub,intsub,1,213.2254907
19,5,int,sub,intsub,2,178.5480259
19,5,int,sub,intsub,3,181.485508
19,5,int,sub,intsub,4,200.8377459
19,5,int,sub,intsub,5,203.0657046
19,6,int,sub,intsub,1,163.9108314
19,6,int,sub,intsub,2,158.1518263
19,6,int,sub,intsub,3,151.5962947
19,6,int,sub,intsub,4,153.2966049
19,6,int,sub,intsub,5,180.8152954
19,7,int,sub,intsub,1,131.1097134
19,7,int,sub,intsub,2,124.6882666
19,7,int,sub,intsub,3,150.5427204
19,7,int,sub,intsub,4,131.9038313
19,7,int,sub,intsub,5,133.7793171
19,8,int,sub,intsub,1,135.9725961
19,8,int,sub,intsub,2,120.8177918
19,8,int,sub,intsub,3,217.2335731
19,8,int,sub,intsub,4,121.1365651
19,8,int,sub,intsub,5,252.742274
25,1,int,sub,intsub,1,77.07617501
25,1,int,sub,intsub,2,90.06795788
25,1,int,sub,intsub,3,NA
25,1,int,sub,intsub,4,122.7148127
25,1,int,sub,intsub,5,111.4322572
25,2,int,sub,intsub,1,100.4716155
25,2,int,sub,intsub,2,113.1136423
25,2,int,sub,intsub,3,NA
25,2,int,sub,intsub,4,132.0439523
25,2,int,sub,intsub,5,135.8324739
25,3,int,sub,intsub,1,92.70552249
25,3,int,sub,intsub,2,139.7333814
25,3,int,sub,intsub,3,NA
25,3,int,sub,intsub,4,106.5205401
25,3,int,sub,intsub,5,127.3770848
25,4,int,sub,intsub,1,84.16754209
25,4,int,sub,intsub,2,110.9913065
25,4,int,sub,intsub,3,NA
25,4,int,sub,intsub,4,154.9471968
25,4,int,sub,intsub,5,87.46528335
25,5,int,sub,intsub,1,87.60614184
25,5,int,sub,intsub,2,97.97013905
25,5,int,sub,intsub,3,NA
25,5,int,sub,intsub,4,192.3333631
25,5,int,sub,intsub,5,117.1445456
25,6,int,sub,intsub,1,67.74911681
25,6,int,sub,intsub,2,89.2759778
25,6,int,sub,intsub,3,NA
25,6,int,sub,intsub,4,169.7315543
25,6,int,sub,intsub,5,137.4828657
25,7,int,sub,intsub,1,65.36467043
25,7,int,sub,intsub,2,83.94557867
25,7,int,sub,intsub,3,NA
25,7,int,sub,intsub,4,177.9185235
25,7,int,sub,intsub,5,112.4003499
25,8,int,sub,intsub,1,59.83303318
25,8,int,sub,intsub,2,75.72755039
25,8,int,sub,intsub,3,NA
25,8,int,sub,intsub,4,168.3859765
25,8,int,sub,intsub,5,128.3352947
26,1,sub,sub,subsub,1,51.26773091
26,1,sub,sub,subsub,2,90.7990413
26,1,sub,sub,subsub,3,NA
26,1,sub,sub,subsub,4,63.92450144
26,1,sub,sub,subsub,5,69.03660314
26,2,sub,sub,subsub,1,73.8241708
26,2,sub,sub,subsub,2,106.9492157
26,2,sub,sub,subsub,3,NA
26,2,sub,sub,subsub,4,95.14611347
26,2,sub,sub,subsub,5,59.19685434
26,3,sub,sub,subsub,1,105.9845308
26,3,sub,sub,subsub,2,76.17882852
26,3,sub,sub,subsub,3,NA
26,3,sub,sub,subsub,4,92.47176158
26,3,sub,sub,subsub,5,90.39484002
26,4,sub,sub,subsub,1,95.1558815
26,4,sub,sub,subsub,2,104.4390207
26,4,sub,sub,subsub,3,NA
26,4,sub,sub,subsub,4,153.7546353
26,4,sub,sub,subsub,5,123.6687652
26,5,sub,sub,subsub,1,64.39422137
26,5,sub,sub,subsub,2,158.6396841
26,5,sub,sub,subsub,3,NA
26,5,sub,sub,subsub,4,149.6677208
26,5,sub,sub,subsub,5,156.4957874
26,6,sub,sub,subsub,1,89.84435308
26,6,sub,sub,subsub,2,137.9424825
26,6,sub,sub,subsub,3,NA
26,6,sub,sub,subsub,4,194.4205377
26,6,sub,sub,subsub,5,155.3602119
26,7,sub,sub,subsub,1,113.1950679
26,7,sub,sub,subsub,2,143.5655125
26,7,sub,sub,subsub,3,NA
26,7,sub,sub,subsub,4,112.7102448
26,7,sub,sub,subsub,5,60.7508935
26,8,sub,sub,subsub,1,63.87326366
26,8,sub,sub,subsub,2,123.3121444
26,8,sub,sub,subsub,3,NA
26,8,sub,sub,subsub,4,95.31939679
26,8,sub,sub,subsub,5,87.83233635
27,1,sub,sub,subsub,1,78.52786864
27,1,sub,sub,subsub,2,58.07600934
27,1,sub,sub,subsub,3,NA
27,1,sub,sub,subsub,4,39.27071901
27,1,sub,sub,subsub,5,72.32069456
27,2,sub,sub,subsub,1,79.2759911
27,2,sub,sub,subsub,2,48.83914203
27,2,sub,sub,subsub,3,NA
27,2,sub,sub,subsub,4,78.29816974
27,2,sub,sub,subsub,5,36.57910926
27,3,sub,sub,subsub,1,83.07341172
27,3,sub,sub,subsub,2,61.25810503
27,3,sub,sub,subsub,3,NA
27,3,sub,sub,subsub,4,50.3752117
27,3,sub,sub,subsub,5,62.91995508
27,4,sub,sub,subsub,1,68.56249209
27,4,sub,sub,subsub,2,71.12479117
27,4,sub,sub,subsub,3,NA
27,4,sub,sub,subsub,4,52.63006776
27,4,sub,sub,subsub,5,63.59219643
27,5,sub,sub,subsub,1,62.55894966
27,5,sub,sub,subsub,2,57.73569642
27,5,sub,sub,subsub,3,NA
27,5,sub,sub,subsub,4,32.93769158
27,5,sub,sub,subsub,5,31.0791236
27,6,sub,sub,subsub,1,47.65885103
27,6,sub,sub,subsub,2,80.32906772
27,6,sub,sub,subsub,3,NA
27,6,sub,sub,subsub,4,63.25506343
27,6,sub,sub,subsub,5,44.37971251
27,7,sub,sub,subsub,1,66.73661618
27,7,sub,sub,subsub,2,48.56652347
27,7,sub,sub,subsub,3,NA
27,7,sub,sub,subsub,4,40.83454709
27,7,sub,sub,subsub,5,53.04117312
27,8,sub,sub,subsub,1,95.58836115
27,8,sub,sub,subsub,2,68.48905415
27,8,sub,sub,subsub,3,NA
27,8,sub,sub,subsub,4,41.45798828
27,8,sub,sub,subsub,5,56.81037309
28,1,sub,sub,subsub,1,44.41211587
28,1,sub,sub,subsub,2,52.33632299
28,1,sub,sub,subsub,3,NA
28,1,sub,sub,subsub,4,44.31147895
28,1,sub,sub,subsub,5,56.0227787
28,2,sub,sub,subsub,1,72.43574994
28,2,sub,sub,subsub,2,76.9365513
28,2,sub,sub,subsub,3,NA
28,2,sub,sub,subsub,4,72.2175615
28,2,sub,sub,subsub,5,124.0461374
28,3,sub,sub,subsub,1,49.04050606
28,3,sub,sub,subsub,2,41.45852234
28,3,sub,sub,subsub,3,NA
28,3,sub,sub,subsub,4,58.30634868
28,3,sub,sub,subsub,5,79.80738373
28,4,sub,sub,subsub,1,80.82948018
28,4,sub,sub,subsub,2,68.4232592
28,4,sub,sub,subsub,3,NA
28,4,sub,sub,subsub,4,88.95453495
28,4,sub,sub,subsub,5,122.5828534
28,5,sub,sub,subsub,1,83.17122346
28,5,sub,sub,subsub,2,78.46533844
28,5,sub,sub,subsub,3,NA
28,5,sub,sub,subsub,4,78.88109181
28,5,sub,sub,subsub,5,76.14905991
28,6,sub,sub,subsub,1,98.19416545
28,6,sub,sub,subsub,2,82.24668079
28,6,sub,sub,subsub,3,NA
28,6,sub,sub,subsub,4,60.28255255
28,6,sub,sub,subsub,5,87.49438047
28,7,sub,sub,subsub,1,68.29787393
28,7,sub,sub,subsub,2,70.34852998
28,7,sub,sub,subsub,3,NA
28,7,sub,sub,subsub,4,82.9625924
28,7,sub,sub,subsub,5,71.65030025
28,8,sub,sub,subsub,1,58.36393837
28,8,sub,sub,subsub,2,76.35241835
28,8,sub,sub,subsub,3,NA
28,8,sub,sub,subsub,4,76.40871676
28,8,sub,sub,subsub,5,79.45518262
29,1,int,sub,intsub,1,166.3204855
29,1,int,sub,intsub,2,153.4396147
29,1,int,sub,intsub,3,NA
29,1,int,sub,intsub,4,70.22898351
29,1,int,sub,intsub,5,114.1706032
29,2,int,sub,intsub,1,160.3875174
29,2,int,sub,intsub,2,234.9918637
29,2,int,sub,intsub,3,NA
29,2,int,sub,intsub,4,176.3647851
29,2,int,sub,intsub,5,131.0568497
29,3,int,sub,intsub,1,98.23207821
29,3,int,sub,intsub,2,151.1853982
29,3,int,sub,intsub,3,NA
29,3,int,sub,intsub,4,158.272859
29,3,int,sub,intsub,5,112.4983329
29,4,int,sub,intsub,1,120.7301984
29,4,int,sub,intsub,2,165.6922087
29,4,int,sub,intsub,3,NA
29,4,int,sub,intsub,4,200.179447
29,4,int,sub,intsub,5,236.3165495
29,5,int,sub,intsub,1,190.1848846
29,5,int,sub,intsub,2,206.0905063
29,5,int,sub,intsub,3,NA
29,5,int,sub,intsub,4,183.7226094
29,5,int,sub,intsub,5,126.7055908
29,6,int,sub,intsub,1,89.32503239
29,6,int,sub,intsub,2,150.7377274
29,6,int,sub,intsub,3,NA
29,6,int,sub,intsub,4,93.15925394
29,6,int,sub,intsub,5,110.1896648
29,7,int,sub,intsub,1,134.0397371
29,7,int,sub,intsub,2,245.9340926
29,7,int,sub,intsub,3,NA
29,7,int,sub,intsub,4,112.8951803
29,7,int,sub,intsub,5,92.80282725
29,8,int,sub,intsub,1,129.4302842
29,8,int,sub,intsub,2,190.6618642
29,8,int,sub,intsub,3,NA
29,8,int,sub,intsub,4,124.1100837
29,8,int,sub,intsub,5,145.1989752
30,1,int,sub,intsub,1,44.86341458
30,1,int,sub,intsub,2,41.94101341
30,1,int,sub,intsub,3,NA
30,1,int,sub,intsub,4,58.32771435
30,1,int,sub,intsub,5,87.84049353
30,2,int,sub,intsub,1,59.14191048
30,2,int,sub,intsub,2,52.25858464
30,2,int,sub,intsub,3,NA
30,2,int,sub,intsub,4,99.13316918
30,2,int,sub,intsub,5,129.4859106
30,3,int,sub,intsub,1,77.36531908
30,3,int,sub,intsub,2,79.13594162
30,3,int,sub,intsub,3,NA
30,3,int,sub,intsub,4,100.0852428
30,3,int,sub,intsub,5,111.8516588
30,4,int,sub,intsub,1,65.2761531
30,4,int,sub,intsub,2,63.39996386
30,4,int,sub,intsub,3,NA
30,4,int,sub,intsub,4,64.10395832
30,4,int,sub,intsub,5,57.77880828
30,5,int,sub,intsub,1,111.0204422
30,5,int,sub,intsub,2,100.4257079
30,5,int,sub,intsub,3,NA
30,5,int,sub,intsub,4,103.3696126
30,5,int,sub,intsub,5,131.999284
30,6,int,sub,intsub,1,79.21905593
30,6,int,sub,intsub,2,83.34083699
30,6,int,sub,intsub,3,NA
30,6,int,sub,intsub,4,106.1754198
30,6,int,sub,intsub,5,96.76342486
30,7,int,sub,intsub,1,75.47978535
30,7,int,sub,intsub,2,78.15322412
30,7,int,sub,intsub,3,NA
30,7,int,sub,intsub,4,99.22717487
30,7,int,sub,intsub,5,138.3524071
30,8,int,sub,intsub,1,61.72550851
30,8,int,sub,intsub,2,67.11876018
30,8,int,sub,intsub,3,NA
30,8,int,sub,intsub,4,74.92130113
30,8,int,sub,intsub,5,188.6554403
31,1,int,int,intint,1,75.7163686
31,1,int,int,intint,2,52.6943038
31,1,int,int,intint,3,77.57322217
31,1,int,int,intint,4,103.7079221
31,1,int,int,intint,5,98.2749479
31,2,int,int,intint,1,63.22083694
31,2,int,int,intint,2,55.83700929
31,2,int,int,intint,3,72.30020895
31,2,int,int,intint,4,81.74964034
31,2,int,int,intint,5,62.76305238
31,3,int,int,intint,1,56.89055179
31,3,int,int,intint,2,52.44699601
31,3,int,int,intint,3,64.57699711
31,3,int,int,intint,4,79.02998163
31,3,int,int,intint,5,81.22561443
31,4,int,int,intint,1,56.1321716
31,4,int,int,intint,2,58.45113581
31,4,int,int,intint,3,106.7588119
31,4,int,int,intint,4,75.20083086
31,4,int,int,intint,5,78.9939303
31,5,int,int,intint,1,67.04233103
31,5,int,int,intint,2,49.02324171
31,5,int,int,intint,3,87.02615184
31,5,int,int,intint,4,108.883187
31,5,int,int,intint,5,93.2877398
31,6,int,int,intint,1,61.47716537
31,6,int,int,intint,2,43.20057032
31,6,int,int,intint,3,97.0944052
31,6,int,int,intint,4,148.3055846
31,6,int,int,intint,5,110.3010314
31,7,int,int,intint,1,61.14926347
31,7,int,int,intint,2,48.53157929
31,7,int,int,intint,3,91.84766545
31,7,int,int,intint,4,79.82144437
31,7,int,int,intint,5,79.64743019
31,8,int,int,intint,1,56.27738945
31,8,int,int,intint,2,48.12552296
31,8,int,int,intint,3,38.72762671
31,8,int,int,intint,4,94.66121257
31,8,int,int,intint,5,86.39694055
32,1,int,int,intint,1,68.06664545
32,1,int,int,intint,2,55.44199801
32,1,int,int,intint,3,93.85589923
32,1,int,int,intint,4,138.2584119
32,1,int,int,intint,5,78.49234
32,2,int,int,intint,1,55.59109011
32,2,int,int,intint,2,76.48720659
32,2,int,int,intint,3,66.80110585
32,2,int,int,intint,4,162.9703328
32,2,int,int,intint,5,121.8130812
32,3,int,int,intint,1,63.07272676
32,3,int,int,intint,2,60.20686878
32,3,int,int,intint,3,72.79241269
32,3,int,int,intint,4,92.22552401
32,3,int,int,intint,5,71.43769384
32,4,int,int,intint,1,47.84813142
32,4,int,int,intint,2,42.18345369
32,4,int,int,intint,3,83.30958713
32,4,int,int,intint,4,63.5793228
32,4,int,int,intint,5,62.69448209
32,5,int,int,intint,1,52.47123194
32,5,int,int,intint,2,54.34489786
32,5,int,int,intint,3,62.44073808
32,5,int,int,intint,4,69.28918171
32,5,int,int,intint,5,66.20807001
32,6,int,int,intint,1,61.14883778
32,6,int,int,intint,2,57.87461986
32,6,int,int,intint,3,71.07063266
32,6,int,int,intint,4,61.65914978
32,6,int,int,intint,5,74.21328763
32,7,int,int,intint,1,68.97952336
32,7,int,int,intint,2,91.67921757
32,7,int,int,intint,3,109.9499976
32,7,int,int,intint,4,162.4608847
32,7,int,int,intint,5,199.3339441
32,8,int,int,intint,1,75.55632059
32,8,int,int,intint,2,71.37539369
32,8,int,int,intint,3,82.6730318
32,8,int,int,intint,4,169.8519548
32,8,int,int,intint,5,130.282252
33,1,sub,int,subint,1,37.54770171
33,1,sub,int,subint,2,46.41855576
33,1,sub,int,subint,3,49.9577589
33,1,sub,int,subint,4,45.08240108
33,1,sub,int,subint,5,58.70584234
33,2,sub,int,subint,1,39.81524299
33,2,sub,int,subint,2,69.75760696
33,2,sub,int,subint,3,45.56667265
33,2,sub,int,subint,4,51.92941446
33,2,sub,int,subint,5,42.05159788
33,3,sub,int,subint,1,66.37656528
33,3,sub,int,subint,2,80.03261997
33,3,sub,int,subint,3,94.71253515
33,3,sub,int,subint,4,91.6225184
33,3,sub,int,subint,5,98.96914783
33,4,sub,int,subint,1,32.78866871
33,4,sub,int,subint,2,60.83911067
33,4,sub,int,subint,3,28.74004935
33,4,sub,int,subint,4,51.33032485
33,4,sub,int,subint,5,50.03134122
33,5,sub,int,subint,1,54.8774236
33,5,sub,int,subint,2,57.67935736
33,5,sub,int,subint,3,40.84153871
33,5,sub,int,subint,4,52.07450041
33,5,sub,int,subint,5,62.70616626
33,6,sub,int,subint,1,59.88372508
33,6,sub,int,subint,2,56.93888778
33,6,sub,int,subint,3,102.9055458
33,6,sub,int,subint,4,164.0856043
33,6,sub,int,subint,5,129.7347676
33,7,sub,int,subint,1,72.24341207
33,7,sub,int,subint,2,67.50043891
33,7,sub,int,subint,3,50.54335198
33,7,sub,int,subint,4,74.27914565
33,7,sub,int,subint,5,53.92397209
33,8,sub,int,subint,1,63.69808368
33,8,sub,int,subint,2,49.47804005
33,8,sub,int,subint,3,50.98730401
33,8,sub,int,subint,4,66.82505537
33,8,sub,int,subint,5,73.61626064
34,1,sub,int,subint,1,56.90858463
34,1,sub,int,subint,2,58.39191945
34,1,sub,int,subint,3,50.06035038
34,1,sub,int,subint,4,59.8773357
34,1,sub,int,subint,5,69.37955413
34,2,sub,int,subint,1,54.30816255
34,2,sub,int,subint,2,65.45170381
34,2,sub,int,subint,3,84.29353625
34,2,sub,int,subint,4,60.10020999
34,2,sub,int,subint,5,58.57230365
34,3,sub,int,subint,1,74.03918532
34,3,sub,int,subint,2,89.7254254
34,3,sub,int,subint,3,91.80226371
34,3,sub,int,subint,4,83.69163702
34,3,sub,int,subint,5,109.1932298
34,4,sub,int,subint,1,54.5673469
34,4,sub,int,subint,2,62.69830922
34,4,sub,int,subint,3,57.06010651
34,4,sub,int,subint,4,63.90081653
34,4,sub,int,subint,5,73.82062242
34,5,sub,int,subint,1,68.29034407
34,5,sub,int,subint,2,69.79623344
34,5,sub,int,subint,3,72.70449896
34,5,sub,int,subint,4,79.49488059
34,5,sub,int,subint,5,65.30735505
34,6,sub,int,subint,1,51.64982403
34,6,sub,int,subint,2,58.66765332
34,6,sub,int,subint,3,56.78033251
34,6,sub,int,subint,4,70.30885277
34,6,sub,int,subint,5,65.76051891
34,7,sub,int,subint,1,53.22055003
34,7,sub,int,subint,2,49.87084882
34,7,sub,int,subint,3,72.17305277
34,7,sub,int,subint,4,76.60275303
34,7,sub,int,subint,5,69.61613926
34,8,sub,int,subint,1,53.46003826
34,8,sub,int,subint,2,50.30013057
34,8,sub,int,subint,3,102.2449947
34,8,sub,int,subint,4,63.4294615
34,8,sub,int,subint,5,88.34681208
35,1,int,int,intint,1,99.1587197
35,1,int,int,intint,2,103.3296545
35,1,int,int,intint,3,80.97619284
35,1,int,int,intint,4,134.4770415
35,1,int,int,intint,5,106.0045597
35,2,int,int,intint,1,67.89805437
35,2,int,int,intint,2,93.61322825
35,2,int,int,intint,3,136.2686375
35,2,int,int,intint,4,115.1541052
35,2,int,int,intint,5,88.18481608
35,3,int,int,intint,1,77.37147128
35,3,int,int,intint,2,101.1449361
35,3,int,int,intint,3,82.77910351
35,3,int,int,intint,4,128.0256759
35,3,int,int,intint,5,174.9756309
35,4,int,int,intint,1,77.39214911
35,4,int,int,intint,2,106.903533
35,4,int,int,intint,3,94.94534345
35,4,int,int,intint,4,153.2584841
35,4,int,int,intint,5,78.41392606
35,5,int,int,intint,1,114.9505779
35,5,int,int,intint,2,72.67736862
35,5,int,int,intint,3,110.4340806
35,5,int,int,intint,4,113.0223885
35,5,int,int,intint,5,58.64691758
35,6,int,int,intint,1,83.17491266
35,6,int,int,intint,2,72.01254504
35,6,int,int,intint,3,148.1603659
35,6,int,int,intint,4,108.846739
35,6,int,int,intint,5,67.12484719
35,7,int,int,intint,1,106.7436789
35,7,int,int,intint,2,96.49587729
35,7,int,int,intint,3,142.4399264
35,7,int,int,intint,4,34.64366699
35,7,int,int,intint,5,64.20402504
35,8,int,int,intint,1,73.09334555
35,8,int,int,intint,2,95.14528954
35,8,int,int,intint,3,212.1641553
35,8,int,int,intint,4,42.7633721
35,8,int,int,intint,5,64.57541946
36,1,sub,int,subint,1,81.94490848
36,1,sub,int,subint,2,52.468472
36,1,sub,int,subint,3,70.30848097
36,1,sub,int,subint,4,104.0577032
36,1,sub,int,subint,5,83.26143938
36,2,sub,int,subint,1,75.08681706
36,2,sub,int,subint,2,74.43635183
36,2,sub,int,subint,3,78.64036484
36,2,sub,int,subint,4,85.68305936
36,2,sub,int,subint,5,80.39522363
36,3,sub,int,subint,1,68.13309668
36,3,sub,int,subint,2,84.69145138
36,3,sub,int,subint,3,94.04103289
36,3,sub,int,subint,4,155.3089888
36,3,sub,int,subint,5,92.23687054
36,4,sub,int,subint,1,64.59118756
36,4,sub,int,subint,2,59.61993071
36,4,sub,int,subint,3,87.90124275
36,4,sub,int,subint,4,107.5836708
36,4,sub,int,subint,5,98.45463511
36,5,sub,int,subint,1,72.51256491
36,5,sub,int,subint,2,76.09511695
36,5,sub,int,subint,3,107.7161655
36,5,sub,int,subint,4,90.40269482
36,5,sub,int,subint,5,89.45302503
36,6,sub,int,subint,1,59.27122189
36,6,sub,int,subint,2,70.00293839
36,6,sub,int,subint,3,89.72400192
36,6,sub,int,subint,4,67.14777279
36,6,sub,int,subint,5,66.9745278
36,7,sub,int,subint,1,59.19637859
36,7,sub,int,subint,2,53.57461018
36,7,sub,int,subint,3,72.22132185
36,7,sub,int,subint,4,57.42209459
36,7,sub,int,subint,5,70.63494528
36,8,sub,int,subint,1,73.16343972
36,8,sub,int,subint,2,56.7383059
36,8,sub,int,subint,3,71.25472559
36,8,sub,int,subint,4,62.66677662
36,8,sub,int,subint,5,77.82840422
38,1,sub,int,subint,1,51.91858914
38,1,sub,int,subint,2,65.97521655
38,1,sub,int,subint,3,43.7255774
38,1,sub,int,subint,4,52.60607898
38,1,sub,int,subint,5,57.62316209
38,2,sub,int,subint,1,53.06641507
38,2,sub,int,subint,2,74.95172548
38,2,sub,int,subint,3,103.1663343
38,2,sub,int,subint,4,49.88967577
38,2,sub,int,subint,5,57.16330705
38,3,sub,int,subint,1,60.10353874
38,3,sub,int,subint,2,36.89204966
38,3,sub,int,subint,3,50.80822513
38,3,sub,int,subint,4,49.47177869
38,3,sub,int,subint,5,65.08549086
38,4,sub,int,subint,1,58.72748836
38,4,sub,int,subint,2,49.34078124
38,4,sub,int,subint,3,67.18835255
38,4,sub,int,subint,4,63.88479234
38,4,sub,int,subint,5,73.05820645
38,5,sub,int,subint,1,43.27721455
38,5,sub,int,subint,2,37.03351838
38,5,sub,int,subint,3,60.84822744
38,5,sub,int,subint,4,47.46155358
38,5,sub,int,subint,5,59.49805955
38,6,sub,int,subint,1,43.46869827
38,6,sub,int,subint,2,43.18346888
38,6,sub,int,subint,3,56.87284414
38,6,sub,int,subint,4,48.07754814
38,6,sub,int,subint,5,60.85787625
38,7,sub,int,subint,1,40.77604778
38,7,sub,int,subint,2,71.77931159
38,7,sub,int,subint,3,88.72558534
38,7,sub,int,subint,4,61.69439401
38,7,sub,int,subint,5,82.51570787
38,8,sub,int,subint,1,57.07833398
38,8,sub,int,subint,2,53.02930033
38,8,sub,int,subint,3,48.88093744
38,8,sub,int,subint,4,26.35498439
38,8,sub,int,subint,5,48.81531057
40,1,sub,int,subint,1,61.01371455
40,1,sub,int,subint,2,55.28025579
40,1,sub,int,subint,3,44.02735667
40,1,sub,int,subint,4,46.55045795
40,1,sub,int,subint,5,75.45937629
40,2,sub,int,subint,1,72.60748024
40,2,sub,int,subint,2,40.85908958
40,2,sub,int,subint,3,38.26806294
40,2,sub,int,subint,4,51.60668566
40,2,sub,int,subint,5,82.96815305
40,3,sub,int,subint,1,40.26777293
40,3,sub,int,subint,2,51.03762086
40,3,sub,int,subint,3,47.47685257
40,3,sub,int,subint,4,60.79802576
40,3,sub,int,subint,5,69.15816934
40,4,sub,int,subint,1,38.20742049
40,4,sub,int,subint,2,53.71056648
40,4,sub,int,subint,3,48.62497141
40,4,sub,int,subint,4,51.30364468
40,4,sub,int,subint,5,58.59946533
40,5,sub,int,subint,1,33.68315398
40,5,sub,int,subint,2,58.01318775
40,5,sub,int,subint,3,41.9477933
40,5,sub,int,subint,4,51.38340614
40,5,sub,int,subint,5,62.07929267
40,6,sub,int,subint,1,48.46153662
40,6,sub,int,subint,2,72.73575818
40,6,sub,int,subint,3,54.4907962
40,6,sub,int,subint,4,61.52880138
40,6,sub,int,subint,5,87.1179848
40,7,sub,int,subint,1,43.3156469
40,7,sub,int,subint,2,63.76594621
40,7,sub,int,subint,3,48.58175796
40,7,sub,int,subint,4,55.00458984
40,7,sub,int,subint,5,61.99757347
40,8,sub,int,subint,1,48.34987872
40,8,sub,int,subint,2,71.89437946
40,8,sub,int,subint,3,93.9588656
40,8,sub,int,subint,4,75.99140649
40,8,sub,int,subint,5,79.97924278
41,1,int,int,intint,1,64.82922527
41,1,int,int,intint,2,44.46333368
41,1,int,int,intint,3,51.78488766
41,1,int,int,intint,4,84.20206626
41,1,int,int,intint,5,65.8806528
41,2,int,int,intint,1,101.6546013
41,2,int,int,intint,2,92.89085258
41,2,int,int,intint,3,89.70687889
41,2,int,int,intint,4,117.1454668
41,2,int,int,intint,5,106.4479969
41,3,int,int,intint,1,59.44590465
41,3,int,int,intint,2,58.94939818
41,3,int,int,intint,3,68.94436225
41,3,int,int,intint,4,78.2963387
41,3,int,int,intint,5,85.17152219
41,4,int,int,intint,1,60.87489518
41,4,int,int,intint,2,54.06729223
41,4,int,int,intint,3,66.34127197
41,4,int,int,intint,4,63.41071291
41,4,int,int,intint,5,61.25220882
41,5,int,int,intint,1,52.28050026
41,5,int,int,intint,2,49.13318471
41,5,int,int,intint,3,78.98917051
41,5,int,int,intint,4,90.82090905
41,5,int,int,intint,5,94.91105677
41,6,int,int,intint,1,51.86652207
41,6,int,int,intint,2,48.99997611
41,6,int,int,intint,3,66.61069826
41,6,int,int,intint,4,84.13339016
41,6,int,int,intint,5,82.0680161
41,7,int,int,intint,1,71.6682245
41,7,int,int,intint,2,99.54258276
41,7,int,int,intint,3,84.29614253
41,7,int,int,intint,4,113.9666021
41,7,int,int,intint,5,100.7824192
41,8,int,int,intint,1,86.01793291
41,8,int,int,intint,2,115.7988377
41,8,int,int,intint,3,117.9274762
41,8,int,int,intint,4,114.7087364
41,8,int,int,intint,5,118.5328509
42,1,int,int,intint,1,66.69539317
42,1,int,int,intint,2,54.50627477
42,1,int,int,intint,3,62.07987762
42,1,int,int,intint,4,63.73074763
42,1,int,int,intint,5,59.94586473
42,2,int,int,intint,1,83.04721098
42,2,int,int,intint,2,64.23032547
42,2,int,int,intint,3,80.56883138
42,2,int,int,intint,4,73.0891384
42,2,int,int,intint,5,74.03180669
42,3,int,int,intint,1,75.56310738
42,3,int,int,intint,2,66.16780499
42,3,int,int,intint,3,78.97366864
42,3,int,int,intint,4,82.7427835
42,3,int,int,intint,5,79.54515344
42,4,int,int,intint,1,52.94979205
42,4,int,int,intint,2,48.20149667
42,4,int,int,intint,3,51.17326627
42,4,int,int,intint,4,62.34734339
42,4,int,int,intint,5,53.68991627
42,5,int,int,intint,1,75.73047657
42,5,int,int,intint,2,66.78435988
42,5,int,int,intint,3,76.49592463
42,5,int,int,intint,4,84.65951839
42,5,int,int,intint,5,59.97010033
42,6,int,int,intint,1,72.60376742
42,6,int,int,intint,2,66.68040614
42,6,int,int,intint,3,77.4046329
42,6,int,int,intint,4,108.0590599
42,6,int,int,intint,5,93.25477234
42,7,int,int,intint,1,80.87762928
42,7,int,int,intint,2,75.13736736
42,7,int,int,intint,3,101.0130676
42,7,int,int,intint,4,96.70130453
42,7,int,int,intint,5,70.28238424
42,8,int,int,intint,1,79.63735266
42,8,int,int,intint,2,63.46108924
42,8,int,int,intint,3,76.00414294
42,8,int,int,intint,4,82.8947043
42,8,int,int,intint,5,80.74877659
46,1,int,int,intint,1,49.88480397
46,1,int,int,intint,2,36.19381981
46,1,int,int,intint,3,45.42306291
46,1,int,int,intint,4,56.61994244
46,1,int,int,intint,5,60.34345194
46,2,int,int,intint,1,58.3571473
46,2,int,int,intint,2,43.45081427
46,2,int,int,intint,3,55.73723123
46,2,int,int,intint,4,60.06780115
46,2,int,int,intint,5,71.39514242
46,3,int,int,intint,1,48.24961689
46,3,int,int,intint,2,40.13017533
46,3,int,int,intint,3,47.39624873
46,3,int,int,intint,4,44.99580215
46,3,int,int,intint,5,56.25465006
46,4,int,int,intint,1,51.29748173
46,4,int,int,intint,2,42.28566576
46,4,int,int,intint,3,50.44530187
46,4,int,int,intint,4,51.53353931
46,4,int,int,intint,5,57.56274012
46,5,int,int,intint,1,43.29520598
46,5,int,int,intint,2,36.14882715
46,5,int,int,intint,3,37.84907671
46,5,int,int,intint,4,47.67242362
46,5,int,int,intint,5,54.29727031
46,6,int,int,intint,1,45.83971104
46,6,int,int,intint,2,33.40195422
46,6,int,int,intint,3,45.80651859
46,6,int,int,intint,4,41.96261958
46,6,int,int,intint,5,53.07009538
46,7,int,int,intint,1,52.79917433
46,7,int,int,intint,2,41.0528493
46,7,int,int,intint,3,53.26543386
46,7,int,int,intint,4,45.72331535
46,7,int,int,intint,5,63.2090477
46,8,int,int,intint,1,58.50220883
46,8,int,int,intint,2,35.81481449
46,8,int,int,intint,3,49.07366463
46,8,int,int,intint,4,46.43521131
46,8,int,int,intint,5,54.70609622
48,1,sub,int,subint,1,45.98256848
48,1,sub,int,subint,2,53.79010401
48,1,sub,int,subint,3,54.79916324
48,1,sub,int,subint,4,73.99324004
48,1,sub,int,subint,5,68.79767457
48,2,sub,int,subint,1,49.70593837
48,2,sub,int,subint,2,55.3843472
48,2,sub,int,subint,3,57.75337673
48,2,sub,int,subint,4,56.0709171
48,2,sub,int,subint,5,100.3000566
48,3,sub,int,subint,1,46.98594478
48,3,sub,int,subint,2,50.33555413
48,3,sub,int,subint,3,62.54079581
48,3,sub,int,subint,4,55.32624575
48,3,sub,int,subint,5,63.20707658
48,4,sub,int,subint,1,37.75559918
48,4,sub,int,subint,2,50.4372636
48,4,sub,int,subint,3,52.52529923
48,4,sub,int,subint,4,53.20198171
48,4,sub,int,subint,5,55.95937847
48,5,sub,int,subint,1,37.32586697
48,5,sub,int,subint,2,47.51450165
48,5,sub,int,subint,3,51.43464523
48,5,sub,int,subint,4,52.66392129
48,5,sub,int,subint,5,50.88536384
48,6,sub,int,subint,1,55.14247305
48,6,sub,int,subint,2,60.12642661
48,6,sub,int,subint,3,72.94371328
48,6,sub,int,subint,4,68.50197319
48,6,sub,int,subint,5,67.04514878
48,7,sub,int,subint,1,56.665174
48,7,sub,int,subint,2,80.24535431
48,7,sub,int,subint,3,77.12548931
48,7,sub,int,subint,4,103.9948566
48,7,sub,int,subint,5,97.31106417
48,8,sub,int,subint,1,45.4389295
48,8,sub,int,subint,2,59.37170776
48,8,sub,int,subint,3,56.66961138
48,8,sub,int,subint,4,53.60042484
48,8,sub,int,subint,5,81.62418662
